{
  "milestone": "v0.2-M4",
  "device": "cpu",
  "runtime_sec": 6.67,
  "positioning": "three temperatures: σ(input diffusion=scale), β⁻¹(recall op), K_u(T)(Langevin=physics). β↔σ bridge != full 'temperature=scale' proof; physical bridge is v0.3+",
  "beta": 16.0,
  "beta_grid": [
    1.0,
    1.4142135623730951,
    2.0,
    2.8284271247461903,
    4.0,
    5.656854249492381,
    8.0,
    11.313708498984761,
    16.0,
    22.627416997969522,
    32.0
  ],
  "sigma_ks": [
    16,
    18,
    20,
    22,
    24,
    26,
    28,
    30,
    32
  ],
  "reproducibility_gate": {
    "self_recall": "24/24",
    "b1_diag": [
      1.0,
      1.0,
      1.0
    ],
    "b1_offdiag_min": 0.9166666666666666,
    "pass": true
  },
  "M4_0_wall_crossing": {
    "sigma_0.707_filter": 0.875,
    "sigma_0.707_nofilter": 0.875,
    "sigma_1.0_filter": 1.0,
    "sigma_1.0_nofilter": 1.0,
    "chance": 0.041666666666666664,
    "plateau_ref_B1_diag": 1.0
  },
  "a_acc_beta": [
    0.041666666666666664,
    0.041666666666666664,
    0.041666666666666664,
    0.041666666666666664,
    0.125,
    1.0,
    1.0,
    1.0,
    1.0,
    1.0,
    1.0
  ],
  "b_acc_sigma": [
    1.0,
    1.0,
    1.0,
    0.9583333333333334,
    0.9166666666666666,
    0.7083333333333334,
    0.5416666666666666,
    0.2916666666666667,
    0.16666666666666666
  ],
  "c1_structure_map": {
    "log2beta": [
      0.0,
      0.5000000000000001,
      1.0,
      1.5,
      2.0,
      2.5,
      3.0,
      3.5,
      4.0,
      4.5,
      5.0
    ],
    "sigma_star_log2": [
      2.6815373000040275,
      2.6644662890210205,
      2.6368840860625467,
      2.5786747839012145,
      1.0,
      1.0,
      1.0,
      1.0,
      1.0,
      1.0,
      1.0
    ],
    "spearman_rho": -0.8633970960424557,
    "spearman_p": 2.837675361355707e-07,
    "predicted": "σ↑⇔β*↓ (decreasing; rho<0)",
    "hit": true
  },
  "c2_equi_discrimination": {
    "log2sigma": [
      1.0,
      1.25,
      1.5,
      1.75,
      2.0,
      2.25,
      2.5,
      2.75,
      3.0
    ],
    "beta_c_log2": [
      2.442857142857143,
      2.4454545454545453,
      2.466666666666667,
      2.9363636363636365,
      3.8000000000000007,
      null,
      null,
      null,
      null
    ],
    "ident_rate": 0.9,
    "spearman_rho": 0.9999999999999999,
    "spearman_p": 0.0,
    "n_valid": 5,
    "predicted": "σ↑⇔β_c↑ (increasing; rho>0)",
    "hit": true
  },
  "D_matrix_beta_by_sigma": [
    [
      0.24650166621575975,
      0.262528441787767,
      0.26811007156941785,
      0.25644854810209733,
      0.24566057873873626,
      0.23701013690727443,
      0.22176518686317737,
      0.2178955253266405,
      0.23113696361385364
    ],
    [
      0.23619067037753902,
      0.2523660752820218,
      0.25822892021136834,
      0.24726711813630708,
      0.23781146317726856,
      0.23020725004065587,
      0.21620289770696413,
      0.2135858742740032,
      0.22754643830795063
    ],
    [
      0.22126769619977105,
      0.23766128146884272,
      0.24395755487360327,
      0.23410818641314357,
      0.22673424360837943,
      0.22074575889277814,
      0.20864773706037298,
      0.20789790917920659,
      0.22292186224383725
    ],
    [
      0.19959478700888342,
      0.21631177081542094,
      0.22329628325181283,
      0.21527864617518655,
      0.21125327169189623,
      0.20782902652775825,
      0.19873157307545417,
      0.20080076146026193,
      0.21740940976692627
    ],
    [
      0.1682938171843761,
      0.18549187577229412,
      0.19360581905510887,
      0.18872289885025814,
      0.19023478510368008,
      0.19098495382799383,
      0.18669981723016238,
      0.19305669408581505,
      0.21201483587641023
    ],
    [
      0.12471009522612879,
      0.14260760734009317,
      0.1526142974363696,
      0.15327048572327776,
      0.1640259106679664,
      0.17158189990907513,
      0.17493081041132208,
      0.18773077178101238,
      0.21000799928108682
    ],
    [
      0.0708488379439738,
      0.08965522278193543,
      0.10272718742841991,
      0.11313477282311228,
      0.13859049759829764,
      0.15641286965457848,
      0.17080264371600354,
      0.19273698741581788,
      0.21901380133032744
    ],
    [
      0.02110642703769453,
      0.04064972519506119,
      0.05790455383229679,
      0.08383002882212547,
      0.12896156021909824,
      0.15901053261750298,
      0.18606543592846167,
      0.21934245842799985,
      0.24894440043748553
    ],
    [
      0.0,
      0.01877118286167834,
      0.03970914671408927,
      0.08440561481884239,
      0.14802672860811883,
      0.18765736412296863,
      0.2247704916043113,
      0.26921362566282075,
      0.3001083302040543
    ],
    [
      0.02110201059848038,
      0.0360844535177707,
      0.05797474538864301,
      0.11708641150007308,
      0.19086162161677045,
      0.23499713775908923,
      0.2774848067986669,
      0.3290537095495634,
      0.35947374823258915
    ],
    [
      0.0702239490982716,
      0.07978308133282604,
      0.09993660166545841,
      0.1650565917873331,
      0.24100159551936887,
      0.2863269391250059,
      0.33098957587096517,
      0.3837489720170513,
      0.41276787559256606
    ]
  ],
  "control_KuT": {
    "T_grid": [
      0.0,
      0.005,
      0.01,
      0.02,
      0.05,
      0.1,
      0.2,
      0.5
    ],
    "acc_mean": [
      1.0,
      1.0,
      1.0,
      1.0,
      1.0,
      1.0,
      1.0,
      1.0
    ],
    "acc_sd": [
      0.0,
      0.0,
      0.0,
      0.0,
      0.0,
      0.0,
      0.0,
      0.0
    ],
    "seeds": [
      11,
      22,
      33,
      44,
      55
    ],
    "wt_nearest_log2beta": {
      "0.0": 0.0,
      "0.005": 0.0,
      "0.01": 0.0,
      "0.02": 0.0,
      "0.05": 0.0,
      "0.1": 0.0,
      "0.2": 0.0,
      "0.5": 0.0
    },
    "trajectories_T0.1": {
      "森": [
        0.9949390292167664,
        0.9951344132423401,
        0.9947937726974487,
        0.9953888058662415,
        0.9951809644699097,
        0.9946404099464417,
        0.9948638081550598,
        0.9949995875358582,
        0.9950075745582581,
        0.9951553344726562
      ],
      "回": [
        0.9949215054512024,
        0.9951175451278687,
        0.9948344230651855,
        0.9952777624130249,
        0.9950808882713318,
        0.9947675466537476,
        0.9949155449867249,
        0.9950313568115234,
        0.9949923753738403,
        0.9951399564743042
      ],
      "鬱": [
        0.994957447052002,
        0.9951029419898987,
        0.9949077367782593,
        0.9952959418296814,
        0.9951363205909729,
        0.9947516918182373,
        0.9949195981025696,
        0.9949697852134705,
        0.9949935674667358,
        0.9951503276824951
      ]
    }
  },
  "env": {
    "python": "3.12.13",
    "numpy": "2.4.6",
    "platform": "Windows-11-10.0.26200-SP0"
  },
  "seeds_note": "control uses recorded seeds; all else CPU-deterministic"
}